{
    "model": {
      "type": "select",
      "property": "custom_model_data",
      "fallback": {
        "type": "model",
        "model": "item/mace"
      },
      "cases": [
        {
          "when": "mace_trophy_bonk_0825",
          "model": {
            "type": "model",
            "model": "item/mace_trophy_bonk_0825"
          }
        },
        {
          "when": "test",
          "model": {
            "type": "model",
            "model": "item/diamond_sword"
          }
        }
      ]
    }
  }